{
  "Blue Paint": {
    "avgR": 171.25832225,
    "avgG": 171.25832225,
    "avgB": 171.25832225,
    "dimensions": {
      "width": 2000,
      "height": 2000
    }
  }
}